logger,slope
21035971,62.66701075
21035972,70.86293173
21035973,68.00043011
21035974,73.81391968
21035975,71.01044177
21035977,66.34831148
21038939,76.58058635
21038940,78.74318608
21038941,64.81531183
21038944,80.6568407
21038945,71.8957751
21038946,98.71372155
21038947,103.2510763
21038948,78.74126882
21038952,73.66637216
20946456,92.22136814
20946457,126.1096735
20946462,65.99359036
20946471,104.0256519
20946474,66.36244177
